Название;Описание;Цена
Каталог;"Поставляем листовой и трубный металлопрокат со склада по всей России и странам СНГ";
"Лист нержавеющий в Красноярске";"Поставляем листовой и трубный металлопрокат со склада по всей России и странам СНГ";
"Лист нержавеющий 12Х18Н10Т в Красноярске";"Поставляем листовой и трубный металлопрокат со склада по всей России и странам СНГ";
"Лист нержавеющий 2 мм в Красноярске";"Поставляем листовой и трубный металлопрокат со склада по всей России и странам СНГ";
"Лист нержавеющий AISI 304 в Красноярске";"Поставляем листовой и трубный металлопрокат со склада по всей России и странам СНГ";
"Лист стальной в Красноярске";"Поставляем листовой и трубный металлопрокат со склада по всей России и странам СНГ";
"Лист стальной 2 мм в Красноярске";"Поставляем листовой и трубный металлопрокат со склада по всей России и странам СНГ";
"Лист стальной 3 мм в Красноярске";"Поставляем листовой и трубный металлопрокат со склада по всей России и странам СНГ";
"Лист стальной 5 мм в Красноярске";"Поставляем листовой и трубный металлопрокат со склада по всей России и странам СНГ";
"Пулестойкая износостойкая броневая сталь С500";"Поставляем листовой и трубный металлопрокат со склада по всей России и странам СНГ";
"Труба нержавеющая в Красноярске";"Поставляем листовой и трубный металлопрокат со склада по всей России и странам СНГ";
"Труба нержавеющая бесшовная";"Поставляем листовой и трубный металлопрокат со склада по всей России и странам СНГ";
"Трубы нержавеющие диаметр 25 мм Красноярске";"Поставляем листовой и трубный металлопрокат со склада по всей России и странам СНГ";
"Трубы нержавеющие диаметр 50 мм Красноярске";"Поставляем листовой и трубный металлопрокат со склада по всей России и странам СНГ";
"Труба стальная в Красноярске";"Поставляем листовой и трубный металлопрокат со склада по всей России и странам СНГ";
"Трубы 09Г2С в Красноярске";"Поставляем листовой и трубный металлопрокат со склада по всей России и странам СНГ";
"Трубы толстостенные стальные в Красноярске";"Поставляем листовой и трубный металлопрокат со склада по всей России и странам СНГ";
"Труба стальная бесшовная в Красноярске";"Поставляем листовой и трубный металлопрокат со склада по всей России и странам СНГ";
"Листовой прокат цветных металлов";"Поставляем листовой и трубный металлопрокат со склада по всей России и странам СНГ";
"Лист медный М1";"Поставляем листовой и трубный металлопрокат со склада по всей России и странам СНГ";
"Лист латунный Л63";"Поставляем листовой и трубный металлопрокат со склада по всей России и странам СНГ";
"Лист алюминиевый";"Поставляем листовой и трубный металлопрокат со склада по всей России и странам СНГ";
Обечайки;"Поставляем листовой и трубный металлопрокат со склада по всей России и странам СНГ";
"Трубопроводная арматура";"Поставляем листовой и трубный металлопрокат со склада по всей России и странам СНГ";
Отводы;"Поставляем листовой и трубный металлопрокат со склада по всей России и странам СНГ";
Переходы;"Поставляем листовой и трубный металлопрокат со склада по всей России и странам СНГ";
Тройники;"Поставляем листовой и трубный металлопрокат со склада по всей России и странам СНГ";
Фланцы;"Поставляем листовой и трубный металлопрокат со склада по всей России и странам СНГ";
"Листовой пластик";"Поставляем листовой и трубный металлопрокат со склада по всей России и странам СНГ";
"Лист ПВД";"Поставляем листовой и трубный металлопрокат со склада по всей России и странам СНГ";
"Лист ПВХ";"Поставляем листовой и трубный металлопрокат со склада по всей России и странам СНГ";
"Лист ПНД (полиэтилен низкого давления, PE-HD)";"Поставляем листовой и трубный металлопрокат со склада по всей России и странам СНГ";
"Лист ПП (полипропилен)";"Поставляем листовой и трубный металлопрокат со склада по всей России и странам СНГ";
"Трубы в изоляции";"Поставляем листовой и трубный металлопрокат со склада по всей России и странам СНГ";
"Трубы стальные с двухслойным наружным антикоррозионным покрытием на основе экструдированного полиэтилена в Красноярске";"Поставляем листовой и трубный металлопрокат со склада по всей России и странам СНГ";
"Трубы стальные с трехслойным наружным антикоррозионным покрытием на основе экструдированного полиэтилена в Красноярске";"Поставляем листовой и трубный металлопрокат со склада по всей России и странам СНГ";
"Трубы стальные с наружным антикоррозионным покрытием на основе экструдированного полиэтилена по ГОСТ 9.602-2016 Красноярске";"Поставляем листовой и трубный металлопрокат со склада по всей России и странам СНГ";
"Трубы стальные с покрытием из экструдированного полиэтилена в Красноярске";"Поставляем листовой и трубный металлопрокат со склада по всей России и странам СНГ";
